{
    "if": {
      "field": "type",
      "equals": "Microsoft.Compute/virtualMachines"
    },
    "then": {
      "effect": "auditIfNotExists",
      "details": {
        "type": "Microsoft.Compute/virtualMachines/extensions",
        "existenceCondition": {
          "allOf": [
            {
              "field": "Microsoft.Compute/virtualMachines/extensions/publisher",
              "equals": "Microsoft.Azure.Security"
            },
            {
              "field": "Microsoft.Compute/virtualMachines/extensions/type",
              "equals": "IaaSAntimalware"
            }
          ]
        }
      }
    }
  }