
{
  "then": {
    "effect": "append",
    "details": [
        {
        "field": "Microsoft.Storage/storageAccounts/networkAcls.ipRules",
        "value": [
            {
            "action": "Allow",
            "value": "134.5.0.0/21"
            }
        ]
        }
    ]
  }
}

{
  "then": {
    "effect": "append",
    "details": [
        {
        "field": "Microsoft.Storage/storageAccounts/networkAcls.ipRules[*]",
        "value": {
            "value": "40.40.40.40",
            "action": "Allow"
        }
        }
    ]
  }
}