{
  "properties": {
    "displayName": "[DINE] Deploy KeyVault Availability Alert",
    "policyType": "Custom",
    "mode": "All",
    "description": "DINE policy to audit/deploy KeyVault Availability Alert",
    "metadata": {
      "version": "1.0.1",
      "Category": "Key Vault",
      "source": "https://github.com/Azure/ALZ-Monitor/",
      "_deployed_by_alz_monitor": "True",
      "createdBy": "136d35ea-473c-4e00-a131-4e6702274836",
      "createdOn": "2023-08-04T09:11:46.9909514Z",
      "updatedBy": null,
      "updatedOn": null
    },
    "parameters": {
      "severity": {
        "type": "String",
        "metadata": {
          "displayName": "Severity",
          "description": "Severity of the Alert"
        },
        "allowedValues": ["0", "1", "2", "3", "4"],
        "defaultValue": "1"
      },
      "windowSize": {
        "type": "String",
        "metadata": {
          "displayName": "Window Size",
          "description": "Window size for the alert"
        },
        "allowedValues": [
          "PT1M",
          "PT5M",
          "PT15M",
          "PT30M",
          "PT1H",
          "PT6H",
          "PT12H",
          "P1D"
        ],
        "defaultValue": "PT5M"
      },
      "evaluationFrequency": {
        "type": "String",
        "metadata": {
          "displayName": "Evaluation Frequency",
          "description": "Evaluation frequency for the alert"
        },
        "allowedValues": ["PT1M", "PT5M", "PT15M", "PT30M", "PT1H"],
        "defaultValue": "PT1M"
      },
      "autoMitigate": {
        "type": "String",
        "metadata": {
          "displayName": "Auto Mitigate",
          "description": "Auto Mitigate for the alert"
        },
        "allowedValues": ["true", "false"],
        "defaultValue": "true"
      },
      "enabled": {
        "type": "String",
        "metadata": {
          "displayName": "Alert State",
          "description": "Alert state for the alert"
        },
        "allowedValues": ["true", "false"],
        "defaultValue": "true"
      },
      "threshold": {
        "type": "String",
        "metadata": {
          "displayName": "Threshold",
          "description": "Threshold for the alert"
        },
        "defaultValue": "90"
      },
      "effect": {
        "type": "String",
        "metadata": {
          "displayName": "Effect",
          "description": "Effect of the policy"
        },
        "allowedValues": ["deployIfNotExists", "disabled"],
        "defaultValue": "disabled"
      },
      "MonitorDisable": {
        "type": "String",
        "metadata": {
          "displayName": "Effect",
          "description": "Tag name to disable monitoring resource. Set to true if monitoring should be disabled"
        },
        "defaultValue": "MonitorDisable"
      }
    },
    "policyRule": {
      "if": {
        "allOf": [
          {
            "field": "type",
            "equals": "microsoft.keyvault/vaults"
          },
          {
            "field": "[concat('tags[', parameters('MonitorDisable'), ']')]",
            "notEquals": "true"
          }
        ]
      },
      "then": {
        "effect": "[parameters('effect')]",
        "details": {
          "roleDefinitionIds": [
            "/providers/Microsoft.Authorization/roleDefinitions/b24988ac-6180-42a0-ab88-20f7382dd24c"
          ],
          "type": "Microsoft.Insights/metricAlerts",
          "existenceCondition": {
            "allOf": [
              {
                "field": "Microsoft.Insights/metricAlerts/criteria.Microsoft.Azure.Monitor.MultipleResourceMultipleMetricCriteria.allOf[*].metricNamespace",
                "equals": "microsoft.keyvault/vaults"
              },
              {
                "field": "Microsoft.Insights/metricAlerts/criteria.Microsoft.Azure.Monitor.MultipleResourceMultipleMetricCriteria.allOf[*].metricName",
                "equals": "Availability"
              },
              {
                "field": "Microsoft.Insights/metricalerts/scopes[*]",
                "equals": "[concat(subscription().id, '/resourceGroups/', resourceGroup().name, '/providers/microsoft.keyvault/vaults/', field('fullName'))]"
              },
              {
                "field": "Microsoft.Insights/metricAlerts/enabled",
                "equals": "[parameters('enabled')]"
              }
            ]
          },
          "deployment": {
            "properties": {
              "mode": "incremental",
              "template": {
                "contentVersion": "1.0.0.0",
                "parameters": {
                  "resourceName": {
                    "type": "String",
                    "metadata": {
                      "displayName": "resourceName",
                      "description": "Name of the resource"
                    }
                  },
                  "resourceId": {
                    "type": "String",
                    "metadata": {
                      "displayName": "resourceId",
                      "description": "Resource ID of the resource emitting the metric that will be used for the comparison"
                    }
                  },
                  "severity": {
                    "type": "String"
                  },
                  "windowSize": {
                    "type": "String"
                  },
                  "evaluationFrequency": {
                    "type": "String"
                  },
                  "autoMitigate": {
                    "type": "String"
                  },
                  "enabled": {
                    "type": "String"
                  },
                  "threshold": {
                    "type": "String"
                  }
                },
                "variables": {},
                "resources": [
                  {
                    "type": "Microsoft.Insights/metricAlerts",
                    "apiVersion": "2018-03-01",
                    "name": "[concat(parameters('resourceName'), '-Availability')]",
                    "location": "global",
                    "tags": {
                      "_deployed_by_alz_monitor": true
                    },
                    "properties": {
                      "description": "Metric Alert for KeyVault Availability",
                      "severity": "[parameters('severity')]",
                      "enabled": "[parameters('enabled')]",
                      "scopes": ["[parameters('resourceId')]"],
                      "evaluationFrequency": "[parameters('evaluationFrequency')]",
                      "windowSize": "[parameters('windowSize')]",
                      "criteria": {
                        "allOf": [
                          {
                            "name": "Availability",
                            "metricNamespace": "microsoft.keyvault/vaults",
                            "metricName": "Availability",
                            "operator": "LessThan",
                            "threshold": "[parameters('threshold')]",
                            "timeAggregation": "Average",
                            "criterionType": "StaticThresholdCriterion"
                          }
                        ],
                        "odata.type": "Microsoft.Azure.Monitor.SingleResourceMultipleMetricCriteria"
                      },
                      "autoMitigate": "[parameters('autoMitigate')]",
                      "parameters": {
                        "severity": {
                          "value": "[parameters('severity')]"
                        },
                        "windowSize": {
                          "value": "[parameters('windowSize')]"
                        },
                        "evaluationFrequency": {
                          "value": "[parameters('evaluationFrequency')]"
                        },
                        "autoMitigate": {
                          "value": "[parameters('autoMitigate')]"
                        },
                        "enabled": {
                          "value": "[parameters('enabled')]"
                        },
                        "threshold": {
                          "value": "[parameters('threshold')]"
                        }
                      }
                    }
                  }
                ]
              },
              "parameters": {
                "resourceName": {
                  "value": "[field('name')]"
                },
                "resourceId": {
                  "value": "[field('id')]"
                },
                "severity": {
                  "value": "[parameters('severity')]"
                },
                "windowSize": {
                  "value": "[parameters('windowSize')]"
                },
                "evaluationFrequency": {
                  "value": "[parameters('evaluationFrequency')]"
                },
                "autoMitigate": {
                  "value": "[parameters('autoMitigate')]"
                },
                "enabled": {
                  "value": "[parameters('enabled')]"
                },
                "threshold": {
                  "value": "[parameters('threshold')]"
                }
              }
            }
          }
        }
      }
    }
  },
  "id": "/providers/Microsoft.Management/managementGroups/cloud-platform/providers/Microsoft.Authorization/policyDefinitions/Deploy_KeyVault_Availability_Alert",
  "type": "Microsoft.Authorization/policyDefinitions",
  "name": "Deploy_KeyVault_Availability_Alert"
}
